{
  "image_width": 1920,
  "image_height": 1080,
  "camera_matrix": [
    771.81092110,
    0.0,
    940.59102253,
    0.0,
    764.97504072,
    524.70388662,
    0.0,
    0.0,
    1.0
  ],
  "distortion_coefficients": [
    -0.062456758370,
    10.118226182446,
    -0.010280746056,
    -0.005224741448,
    2.837224059542,
    0.0,
    9.912898718035,
    3.171852319042,
    0.003427772197,
    0.001516456637,
    0.008970482687,
    0.000493179628
  ],
  "marker_length_m": 0.011,
  "marker_separation_m": 0.003
}
